{"cameraMode":{"drawMode":0,"name":"Shaded","section":"Shading Mode"},"sceneLighting":false,"audioPlay":false,"sceneViewState":{"m_AlwaysRefresh":false,"showFog":true,"showSkybox":false,"showFlares":true,"showImageEffects":true,"showParticleSystems":true,"showVisualEffectGraphs":true,"m_FxEnabled":true},"in2DMode":false,"pivot":{"x":-0.0020000040531158449,"y":0.28250080347061159,"z":-2.9802322387695315e-8},"rotation":{"x":-0.23151566088199616,"y":-0.2834007740020752,"z":0.0707053691148758,"w":-0.9279529452323914},"size":0.4334754943847656,"orthographic":false}